City_ID,City,Country,Lat,Lng,Max Temp,Humidity,Cloudiness,Wind Speed,Current Description
0,Hithadhoo,MV,-0.6,73.08,83.48,74,92,21.52,overcast clouds
1,Codrington,AU,-38.27,141.97,55.76,91,100,12.1,overcast clouds
2,Yellowknife,CA,62.46,-114.35,26.6,79,75,21.92,light snow
3,Tuktoyaktuk,CA,69.45,-133.04,21.2,92,90,23.04,light snow
4,Ancud,CL,-41.87,-73.82,62.6,63,55,6.93,broken clouds
5,San Ramon,US,37.78,-121.98,93.0,9,1,12.75,clear sky
6,Pietarsaari,FI,63.65,22.68,45.0,100,39,6.93,scattered clouds
7,Patacamaya,BO,-17.23,-67.92,50.81,59,98,8.55,light rain
8,Lebu,CL,-37.62,-73.65,55.4,84,5,6.04,clear sky
9,Soyo,AO,-6.13,12.37,77.29,83,97,7.83,overcast clouds
10,New Norfolk,AU,-42.78,147.06,45.0,64,100,1.36,moderate rain
11,Fort Nelson,CA,58.81,-122.7,23.0,73,75,8.05,broken clouds
12,Albany,US,42.6,-73.97,48.0,83,100,5.1,moderate rain
13,Nizhniy Ingash,RU,56.2,96.53,30.65,95,100,5.55,overcast clouds
14,Phan Thiet,VN,10.93,108.1,76.33,91,100,9.78,moderate rain
15,Nadym,RU,65.53,72.52,35.15,98,100,10.56,light rain
16,Culpeper,US,38.5,-77.97,55.99,54,90,4.7,overcast clouds
17,Norman Wells,CA,65.28,-126.83,19.4,79,90,16.11,light shower snow
18,Elizabeth City,US,36.29,-76.25,60.8,87,90,14.99,mist
19,Abu Samrah,SY,35.3,37.18,62.02,81,0,5.48,clear sky
20,Souillac,MU,-20.52,57.52,69.8,88,75,8.39,light intensity shower rain
21,Avarua,CK,-21.21,-159.78,77.0,57,49,13.87,scattered clouds
22,Mar Del Plata,AR,-38.0,-57.56,66.99,93,90,12.75,fog
23,Butaritari,KI,3.07,172.79,81.59,76,0,14.61,clear sky
24,Rio Grande,BR,-32.03,-52.1,61.77,86,47,15.39,scattered clouds
25,Vaini,TO,-21.2,-175.2,73.4,94,90,12.75,light intensity shower rain
26,Atuona,PF,-9.8,-139.03,78.58,74,0,18.19,clear sky
27,Ryotsu,JP,38.08,138.43,55.4,87,75,6.93,moderate rain
28,Upernavik,GL,72.79,-56.15,38.03,73,100,8.88,overcast clouds
29,Punta Arenas,CL,-53.15,-70.92,41.0,86,75,12.75,broken clouds
30,Rikitea,PF,-23.12,-134.97,73.8,80,99,20.15,overcast clouds
31,Khatanga,RU,71.97,102.5,-1.44,89,0,5.14,clear sky
32,Mataura,NZ,-46.19,168.86,48.99,71,57,5.99,broken clouds
33,Lata,PT,40.16,-8.33,55.99,74,65,1.01,broken clouds
34,Harper,LR,4.38,-7.72,77.25,86,97,6.17,overcast clouds
35,Ushuaia,AR,-54.8,-68.3,44.6,56,40,20.8,scattered clouds
36,Sisimiut,GL,66.94,-53.67,41.81,84,100,15.05,light rain
37,Chuy,UY,-33.7,-53.46,58.93,87,6,11.95,clear sky
38,Egvekinot,RU,66.32,-179.17,33.33,99,77,8.34,light rain
39,Mao,ES,39.89,4.27,55.4,71,20,6.93,few clouds
40,Itarema,BR,-2.92,-39.92,78.85,80,1,14.43,clear sky
41,Barrow,US,71.29,-156.79,17.6,67,1,24.16,clear sky
42,Kapaa,US,22.08,-159.32,84.2,74,40,12.75,scattered clouds
43,Fureidis,IL,32.6,34.96,68.0,80,0,2.77,clear sky
44,Yantal,RU,56.85,105.25,25.7,94,100,8.14,overcast clouds
45,Raudeberg,NO,61.99,5.14,46.99,92,81,8.86,broken clouds
46,Saint Anthony,US,45.02,-93.22,44.01,38,40,16.11,scattered clouds
47,Jamestown,US,42.1,-79.24,46.99,42,1,11.41,clear sky
48,Nanakuli,US,21.39,-158.15,84.2,70,40,9.17,scattered clouds
49,Kerman,IR,30.28,57.08,41.0,18,0,1.34,clear sky
50,Bouar,CF,5.93,15.6,65.59,97,46,3.31,light rain
51,Spornoye,RU,50.84,37.29,51.8,81,75,6.71,broken clouds
52,Karasburg,NA,-28.02,18.75,70.0,23,42,5.93,scattered clouds
53,Bredasdorp,ZA,-34.53,20.04,57.2,93,28,3.36,scattered clouds
54,Kupang,ID,-10.17,123.58,69.8,94,20,2.24,few clouds
55,Vestmannaeyjar,IS,63.44,-20.27,45.36,72,0,11.92,clear sky
56,Dourbali,TD,11.81,15.86,85.87,43,6,4.85,clear sky
57,Thompson,CA,55.74,-97.86,30.2,80,75,13.87,light shower snow
58,Mahebourg,MU,-20.41,57.7,69.8,88,75,8.5,light intensity shower rain
59,Belle Glade,US,26.68,-80.67,78.01,88,100,1.01,heavy intensity rain
60,Sakaiminato,JP,35.55,133.23,55.4,93,90,3.36,light rain
61,Bluff,NZ,-46.6,168.33,48.99,71,44,5.99,scattered clouds
62,Vila Franca Do Campo,PT,37.72,-25.43,64.4,88,40,12.75,scattered clouds
63,Port Hardy,CA,50.7,-127.42,53.6,81,75,14.99,broken clouds
64,Hermanus,ZA,-34.42,19.23,62.01,70,25,6.35,scattered clouds
65,Busselton,AU,-33.65,115.33,52.0,69,0,9.17,clear sky
66,Dikson,RU,73.51,80.55,22.78,95,74,13.38,broken clouds
67,Suoyarvi,RU,62.08,32.35,29.98,97,75,4.12,broken clouds
68,Chokurdakh,RU,70.63,147.92,32.77,99,100,6.98,overcast clouds
69,Kolobrzeg,PL,54.18,15.58,48.0,84,94,12.03,overcast clouds
70,Shingu,JP,33.73,135.98,56.86,91,100,7.99,light rain
71,Kavieng,PG,-2.57,150.8,83.26,71,95,11.01,overcast clouds
72,Chapais,CA,49.78,-74.85,39.2,86,90,3.36,light rain
73,Coahuayana,MX,18.73,-103.68,86.0,66,40,11.41,scattered clouds
74,Clinton,US,42.59,-82.92,54.0,34,40,10.29,scattered clouds
75,Cabo San Lucas,MX,22.89,-109.91,91.0,52,5,9.17,clear sky
76,Aguililla,MX,18.73,-102.73,81.36,62,17,3.24,few clouds
77,Ribeira Grande,PT,38.52,-28.7,65.12,71,16,9.91,few clouds
78,Peruibe,BR,-24.32,-47.0,66.49,80,66,6.44,broken clouds
79,Puerto Ayora,EC,-0.74,-90.35,77.0,65,20,20.8,few clouds
80,Kaeo,NZ,-35.1,173.78,62.01,63,11,3.0,few clouds
81,Campbell River,CA,50.02,-125.24,53.6,93,90,3.36,overcast clouds
82,Port Alfred,ZA,-33.59,26.89,66.13,78,16,22.64,few clouds
83,Jalu,LY,29.03,21.55,82.08,21,5,10.18,clear sky
84,Canutama,BR,-6.53,-64.38,84.69,56,63,3.31,very heavy rain
85,Westport,US,41.14,-73.36,53.6,93,90,5.82,light rain
86,Zhigansk,RU,66.77,123.37,18.19,94,93,5.59,overcast clouds
87,Faanui,PF,-16.48,-151.75,79.21,78,49,11.81,light rain
88,Asau,RO,46.43,26.4,53.01,98,100,1.45,light rain
89,Sinnamary,GF,5.38,-52.95,80.62,74,0,13.13,clear sky
90,New London,US,41.48,-72.07,55.99,93,90,13.87,overcast clouds
91,Tiksi,RU,71.69,128.87,23.81,98,100,8.41,light snow
92,Porteirinha,BR,-15.74,-43.03,84.65,46,88,9.69,overcast clouds
93,Qingdao,CN,36.1,120.37,51.01,100,0,2.24,fog
94,Smithers,CA,54.78,-127.17,41.0,86,75,6.93,broken clouds
95,Makat,KZ,47.65,53.35,56.39,36,25,8.34,scattered clouds
96,Cleburne,US,32.35,-97.39,73.0,19,1,5.82,clear sky
97,Saint-Philippe,RE,-21.36,55.77,71.6,68,23,4.7,few clouds
98,Namibe,AO,-15.2,12.15,70.77,75,93,6.71,moderate rain
99,Ust-Kuyga,RU,70.02,135.6,17.29,96,100,6.24,light snow
100,Arraial Do Cabo,BR,-22.97,-42.03,71.6,73,90,4.7,overcast clouds
101,Severo-Kurilsk,RU,50.68,156.12,42.35,70,82,20.49,broken clouds
102,Kaitangata,NZ,-46.28,169.85,50.0,65,82,4.0,broken clouds
103,Hambantota,LK,6.12,81.12,77.0,88,38,8.05,scattered clouds
104,Saint George,US,37.1,-113.58,82.99,9,1,1.07,clear sky
105,Qaanaaq,GL,77.48,-69.36,30.27,87,100,7.72,overcast clouds
106,Ballina,AU,-28.87,153.57,69.01,93,57,4.7,broken clouds
107,Zhanaozen,KZ,43.3,52.8,54.21,36,0,10.69,clear sky
108,Biak,ID,-0.91,122.88,77.4,81,100,2.21,moderate rain
109,Marawi,PH,8.0,124.29,73.99,92,91,5.01,overcast clouds
110,Cape Town,ZA,-33.93,18.42,59.0,82,6,3.36,clear sky
111,Nikolskoye,RU,59.7,30.79,39.99,69,75,4.47,broken clouds
112,Tasiilaq,GL,65.61,-37.64,39.2,93,22,18.34,light intensity shower rain
113,Nouadhibou,MR,20.93,-17.03,80.6,51,6,11.41,clear sky
114,Padang,ID,-0.95,100.35,77.27,74,99,3.36,light rain
115,Mount Gambier,AU,-37.83,140.77,51.8,87,90,10.29,overcast clouds
116,Ouargaye,BF,11.5,0.06,86.67,44,92,7.05,overcast clouds
117,Tambau,BR,-21.7,-47.27,68.4,65,100,10.96,overcast clouds
118,Bambous Virieux,MU,-20.34,57.76,70.0,88,75,8.48,light intensity shower rain
119,Cravo Norte,CO,6.3,-70.2,83.03,75,90,3.13,overcast clouds
120,Filadelfia,US,39.95,-75.16,53.6,81,75,8.05,broken clouds
121,Oxbow,CA,49.23,-102.17,37.99,54,100,5.99,overcast clouds
122,Sao Filipe,CV,14.9,-24.5,80.6,78,100,3.09,overcast clouds
123,Negombo,LK,7.21,79.84,80.6,78,75,4.7,broken clouds
124,Provideniya,RU,64.38,-173.3,40.87,87,97,12.24,light rain
125,Zhezkazgan,KZ,47.8,67.71,50.05,47,2,4.88,clear sky
126,Celestun,MX,20.87,-90.4,83.26,67,1,12.37,clear sky
127,Guilin,CN,25.28,110.29,60.8,87,75,2.24,broken clouds
128,Hyeres,FR,43.12,6.12,55.0,87,0,2.24,clear sky
129,Oyama,JP,36.3,139.8,62.01,93,90,5.82,light rain
130,Guerrero Negro,MX,27.98,-114.06,82.89,43,77,15.7,broken clouds
131,Aykhal,RU,66.0,111.5,3.42,91,0,4.7,clear sky
132,Nabire,ID,-3.37,135.48,76.98,85,90,3.42,overcast clouds
133,Maceio,BR,-9.67,-35.74,77.0,83,20,8.05,few clouds
134,Pacific Grove,US,36.62,-121.92,93.0,19,1,6.93,clear sky
135,Bonthe,SL,7.53,-12.51,78.78,86,65,4.94,light rain
136,Massakory,TD,13.0,15.73,86.72,44,0,6.98,clear sky
137,San Juan,AR,-31.54,-68.54,89.46,19,35,7.74,scattered clouds
138,Nuuk,GL,64.18,-51.72,44.6,75,100,29.97,light snow
139,East London,ZA,-33.02,27.91,66.69,78,49,22.55,scattered clouds
140,Zanjan,IR,36.67,48.48,52.65,42,0,3.56,clear sky
141,Kiruna,SE,67.86,20.23,37.4,98,100,8.05,overcast clouds
142,Shihezi,CN,44.3,86.03,46.76,51,0,4.03,clear sky
143,Iquique,CL,-20.22,-70.14,64.4,72,84,19.46,broken clouds
144,Coquimbo,CL,-29.95,-71.34,59.0,72,40,11.41,scattered clouds
145,Torbay,CA,47.67,-52.73,54.0,100,90,2.24,fog
146,Hobart,AU,-42.88,147.33,46.0,81,75,8.05,light rain
147,Koumac,NC,-20.57,164.28,74.41,70,0,10.29,clear sky
148,Sobolevo,RU,54.43,31.9,36.72,85,8,5.91,clear sky
149,Iqaluit,CA,63.75,-68.51,33.8,100,90,3.36,light rain and snow
150,Port Elizabeth,ZA,-33.92,25.57,62.6,93,3,12.75,clear sky
151,Samarai,PG,-10.62,150.67,78.93,86,32,12.03,light rain
152,Lugus,PH,5.7,120.82,81.39,79,99,10.2,light rain
153,Katsuura,JP,35.13,140.3,57.0,87,75,12.75,light rain
154,Okaihau,NZ,-35.32,173.78,62.01,63,6,3.0,clear sky
155,Broome,US,42.25,-75.83,46.99,75,75,6.93,broken clouds
156,Nemuro,JP,43.32,145.57,49.77,72,90,7.49,overcast clouds
157,Letterkenny,IE,54.95,-7.73,43.3,87,64,2.82,broken clouds
158,Bethel,US,41.37,-73.41,50.0,96,100,1.01,moderate rain
159,Victoria,HK,22.29,114.16,75.0,69,65,11.01,broken clouds
160,Mayumba,GA,-3.43,10.66,76.75,84,91,4.94,overcast clouds
161,Black River,JM,18.03,-77.85,88.0,83,40,8.05,scattered clouds
162,Volzhsk,RU,55.87,48.36,37.4,86,90,15.66,light rain
163,Northam,GB,51.03,-4.22,50.0,82,20,1.99,few clouds
164,Ponta Do Sol,PT,32.67,-17.1,66.2,72,20,6.93,few clouds
165,Puerto Colombia,CO,10.99,-74.95,87.8,74,20,9.17,few clouds
166,Huarmey,PE,-10.07,-78.15,66.94,74,11,9.37,few clouds
167,Vardo,NO,70.37,31.11,30.2,80,40,10.29,scattered clouds
168,Umm Lajj,SA,25.02,37.27,83.91,45,0,5.37,clear sky
169,Mackay,AU,-21.15,149.2,70.0,82,40,5.82,scattered clouds
170,Constitucion,CL,-35.33,-72.42,56.62,82,4,3.47,clear sky
171,Fairbanks,US,64.84,-147.72,19.99,61,1,9.17,clear sky
172,Panzhihua,CN,26.59,101.71,59.25,79,100,2.3,overcast clouds
173,La Primavera,CO,5.49,-70.41,84.09,70,62,3.31,heavy intensity rain
174,Longyearbyen,SJ,78.22,15.64,28.4,58,40,16.11,scattered clouds
175,Antalaha,MG,-14.9,50.28,68.86,85,2,6.22,clear sky
176,Gopalpur,IN,19.27,84.92,79.43,84,42,3.4,scattered clouds
177,Clyde River,CA,70.47,-68.59,33.8,100,90,6.93,light rain
178,Muli,MV,2.92,73.57,82.26,78,45,17.9,scattered clouds
179,Carnarvon,AU,-24.87,113.63,68.0,94,40,17.22,scattered clouds
180,Lompoc,US,34.64,-120.46,88.0,28,1,13.87,clear sky
181,Ahipara,NZ,-35.17,173.17,59.56,53,0,3.96,clear sky
182,Tsnori,GE,41.62,45.97,59.0,72,0,9.17,clear sky
183,Messina,IT,38.19,15.55,66.0,63,40,2.24,scattered clouds
184,Ranfurly,NZ,-45.13,170.1,43.0,70,100,4.0,overcast clouds
185,Havelock,US,34.88,-76.9,71.6,93,90,14.99,overcast clouds
186,Ayagoz,KZ,47.97,80.44,40.32,66,0,2.57,clear sky
187,Vila,PT,42.03,-8.16,48.99,80,98,2.57,overcast clouds
188,Santa Cruz Cabralia,BR,-16.28,-39.02,75.2,88,75,4.7,broken clouds
189,Port Blair,IN,11.67,92.75,79.99,82,100,9.06,light rain
190,Babu,CN,24.42,111.52,59.59,82,29,6.73,scattered clouds
191,Grindavik,IS,63.84,-22.43,42.8,93,10,6.93,clear sky
192,Lundazi,ZM,-12.29,33.18,68.52,65,0,7.4,clear sky
193,Ulaangom,MN,49.98,92.07,30.38,93,0,1.39,clear sky
194,Jacareacanga,BR,-6.22,-57.75,83.61,58,56,2.55,broken clouds
195,Nipawin,CA,53.37,-104.0,32.0,75,1,17.22,clear sky
196,Kamenka,RU,51.32,42.77,53.01,85,99,7.83,overcast clouds
197,Haines Junction,CA,60.75,-137.51,26.44,67,34,10.49,scattered clouds
198,Port-Gentil,GA,-0.72,8.78,78.8,83,90,12.75,overcast clouds
199,Cherskiy,RU,68.75,161.3,26.71,95,92,4.81,overcast clouds
200,Maraa,BR,-1.83,-65.37,78.76,85,98,3.6,overcast clouds
201,Nyurba,RU,63.28,118.33,18.88,93,32,8.08,scattered clouds
202,Khetri,IN,27.98,75.8,70.97,23,0,1.66,clear sky
203,Dunedin,NZ,-45.87,170.5,45.0,78,100,8.99,overcast clouds
204,Ojinaga,MX,29.57,-104.42,78.8,24,1,4.7,clear sky
205,Marrakesh,MA,31.63,-8.01,58.75,65,0,3.24,clear sky
206,Puerto Escondido,MX,15.85,-97.07,84.81,70,93,4.76,overcast clouds
207,Los Llanos De Aridane,ES,28.66,-17.92,69.8,77,75,11.41,broken clouds
208,Bismarck,US,46.81,-100.78,44.6,33,40,4.7,scattered clouds
209,Castro,BR,-24.79,-50.01,58.66,78,49,9.73,scattered clouds
210,Alpena,US,45.06,-83.43,48.2,34,20,12.75,few clouds
211,Kodiak,US,57.79,-152.41,46.4,52,1,3.36,clear sky
212,Karaton,ID,-6.34,106.1,78.01,88,83,3.36,broken clouds
213,Bandarbeyla,SO,9.49,50.81,79.81,79,6,11.41,clear sky
214,Richards Bay,ZA,-28.78,32.04,67.8,86,76,2.21,broken clouds
215,Tuatapere,NZ,-46.13,167.68,48.99,71,47,5.99,scattered clouds
216,Lerwick,GB,60.15,-1.15,44.6,93,100,9.17,overcast clouds
217,Esperance,AU,-33.87,121.9,42.8,100,34,4.7,scattered clouds
218,Sovetskiy,RU,61.36,63.58,31.35,90,0,10.69,clear sky
219,Fortuna,US,40.6,-124.16,75.99,46,1,12.75,clear sky
220,Pitrufquen,CL,-38.98,-72.65,59.0,72,0,14.99,clear sky
221,Oriximina,BR,-1.77,-55.87,89.37,46,11,6.6,few clouds
222,Cururupu,BR,-1.83,-44.87,78.17,81,83,4.09,broken clouds
223,Velingara,SN,13.15,-14.12,81.07,70,91,4.63,overcast clouds
224,Hobyo,SO,5.35,48.53,79.21,78,2,22.37,clear sky
225,Ossora,RU,59.24,163.07,37.11,76,25,9.24,scattered clouds
226,Hilo,US,19.73,-155.09,84.2,62,40,10.29,scattered clouds
227,Husavik,IS,66.04,-17.34,37.4,86,90,9.86,overcast clouds
228,Flin Flon,CA,54.77,-101.86,28.4,58,90,10.29,light snow
229,San Quintin,MX,30.48,-115.95,79.32,53,0,11.65,clear sky
230,Sijunjung,ID,-0.69,100.95,70.3,80,100,1.61,overcast clouds
231,Airai,TL,-8.93,125.41,62.55,64,34,2.28,scattered clouds
232,Voznesenye,RU,61.01,35.48,35.4,88,63,10.71,broken clouds
233,Caravelas,BR,-17.71,-39.25,73.76,86,100,11.45,overcast clouds
234,Kambove,CD,-10.88,26.6,66.29,65,46,3.69,scattered clouds
235,San Carlos De Bariloche,AR,-41.15,-71.31,71.6,18,0,24.16,clear sky
236,Manokwari,ID,-0.87,134.08,80.53,75,100,4.34,overcast clouds
237,Lorengau,PG,-2.02,147.27,83.46,72,100,7.23,light rain
238,Georgetown,MY,5.41,100.34,78.8,94,20,1.12,light rain
239,Svetlogorsk,BY,52.63,29.73,42.03,91,35,8.08,scattered clouds
240,Cap Malheureux,MU,-19.98,57.61,70.0,78,4,1.99,clear sky
241,Olhao,PT,37.03,-7.84,60.8,55,40,6.93,scattered clouds
242,Yondo,CO,7.01,-73.91,86.83,68,17,1.48,few clouds
243,Damghan,IR,36.17,54.35,51.94,40,0,1.41,clear sky
244,Matagami,CA,49.75,-77.63,37.4,55,1,3.67,clear sky
245,Lgov,RU,51.63,35.28,45.25,92,72,5.37,broken clouds
246,Bernalda,IT,40.41,16.69,60.01,70,48,8.01,scattered clouds
247,Peleduy,RU,59.63,112.74,25.97,93,100,10.29,overcast clouds
248,Necochea,AR,-38.55,-58.74,71.01,68,0,11.01,clear sky
249,Dragor,DK,55.59,12.67,48.99,76,20,12.75,few clouds
250,Cabedelo,BR,-6.98,-34.83,77.0,88,20,8.05,few clouds
251,Nizhniy Kuranakh,RU,58.84,125.49,19.06,93,100,7.72,overcast clouds
252,Salalah,OM,17.02,54.09,75.88,54,0,0.67,clear sky
253,Petropavlovsk-Kamchatskiy,RU,53.05,158.65,35.6,83,40,2.24,scattered clouds
254,Solnechnyy,RU,50.72,136.63,31.89,87,12,4.9,few clouds
255,Kontagora,NG,10.4,5.47,77.61,75,0,3.78,clear sky
256,Rio Gallegos,AR,-51.62,-69.22,51.8,62,75,16.11,broken clouds
257,Sola,VU,-13.88,167.55,80.6,88,75,5.82,broken clouds
258,Kokopo,PG,-4.35,152.26,80.87,75,100,1.95,overcast clouds
259,Quatre Cocos,MU,-20.21,57.76,70.0,88,75,8.86,light intensity shower rain
260,Nanortalik,GL,60.14,-45.24,40.48,78,90,10.76,overcast clouds
261,Praya,CV,14.92,-23.51,78.8,88,91,4.7,overcast clouds
262,Shakawe,BW,-18.37,21.85,71.1,23,8,6.35,clear sky
263,Taltal,CL,-25.4,-70.48,66.09,55,22,6.87,few clouds
264,Adelaide,AU,-34.93,138.6,57.0,76,90,12.75,shower rain
265,Sosnovo-Ozerskoye,RU,52.52,111.54,24.44,87,98,15.35,overcast clouds
266,Hualmay,PE,-11.1,-77.61,66.96,72,27,10.02,scattered clouds
267,Leningradskiy,RU,69.38,178.42,34.41,89,63,6.24,broken clouds
268,Hofn,IS,64.25,-15.21,44.08,65,0,13.91,clear sky
269,Beckley,US,37.78,-81.19,53.6,40,1,5.82,clear sky
270,Christchurch,NZ,-43.53,172.63,54.0,71,88,10.29,overcast clouds
271,Kruisfontein,ZA,-34.0,24.73,59.0,92,0,1.01,clear sky
272,Sergeyevka,KZ,53.88,67.42,51.71,52,98,12.1,overcast clouds
273,Erdenet,MN,49.03,104.08,28.54,94,2,3.89,clear sky
274,Meulaboh,ID,4.14,96.13,76.41,83,100,3.38,overcast clouds
275,Goundi,TD,9.36,17.37,73.62,83,0,4.9,clear sky
276,Bergen,NO,60.39,5.33,46.4,81,40,18.34,light rain
277,Ascension,US,30.22,-90.9,66.99,72,90,8.05,overcast clouds
278,Nassau,US,40.75,-73.58,53.01,95,100,1.01,light rain
279,Przhevalskoye,RU,55.51,31.85,38.71,76,89,3.44,overcast clouds
280,Palmer,US,42.16,-72.33,52.0,93,90,6.93,moderate rain
281,Maralal,KE,1.1,36.7,61.81,78,97,7.54,overcast clouds
282,Loikaw,MM,19.67,97.21,67.8,95,100,1.74,overcast clouds
283,Margate,GB,51.38,1.39,52.0,71,90,1.99,overcast clouds
284,Iskateley,RU,67.68,53.15,30.63,99,96,5.26,overcast clouds
285,Narsaq,GL,60.92,-46.05,39.2,64,94,2.24,overcast clouds
286,Port Antonio,JM,18.18,-76.46,84.99,83,75,9.17,broken clouds
287,Blagodatnoye,RU,45.4,42.59,59.0,67,21,6.71,few clouds
288,Xining,CN,36.62,101.77,35.74,78,20,2.73,few clouds
289,Dolinsk,RU,47.35,142.8,26.6,92,0,7.99,clear sky
290,Lagoa,PT,39.05,-27.98,63.95,66,70,9.17,broken clouds
291,Zilupe,LV,56.39,28.12,33.82,94,7,2.59,clear sky
292,Acapulco,MX,16.86,-99.89,87.8,70,90,6.93,overcast clouds
293,Coracao De Jesus,BR,-16.69,-44.37,78.91,49,55,6.08,broken clouds
294,Lubao,PH,14.92,120.55,77.0,88,40,2.24,light rain
295,Portland,US,45.52,-122.68,70.0,52,75,1.68,broken clouds
296,Lagunas,PE,-5.23,-75.68,82.87,74,43,2.91,light rain
297,Surt,LY,31.21,16.59,75.34,87,86,9.78,overcast clouds
298,Poum,NC,-20.23,164.02,73.13,74,1,7.96,clear sky
299,Tadine,NC,-21.55,167.88,72.5,77,41,17.98,scattered clouds
300,Bobo Dioulasso,BF,11.18,-4.3,77.0,78,20,4.45,thunderstorm
301,Alta Floresta,BR,-9.88,-56.09,85.5,42,40,3.78,scattered clouds
302,Pisco,PE,-13.7,-76.22,69.8,68,5,19.46,clear sky
303,Namatanai,PG,-3.67,152.43,83.01,69,100,6.58,overcast clouds
304,Mujiayingzi,CN,42.12,118.78,40.75,60,0,9.55,clear sky
305,Raymondville,US,26.48,-97.78,71.6,82,90,11.41,overcast clouds
306,San Cristobal,VE,7.77,-72.22,95.0,34,20,19.46,few clouds
307,Alyangula,AU,-13.85,136.42,69.8,100,40,8.7,scattered clouds
308,San Patricio,US,28.02,-97.52,64.4,72,90,12.75,overcast clouds
309,Maniitsoq,GL,65.42,-52.9,40.26,91,100,33.08,moderate rain
310,Pashiya,RU,58.43,58.26,32.67,93,84,2.71,broken clouds
311,George Town,MY,5.41,100.34,78.8,94,20,1.12,light rain
312,Saldanha,ZA,-33.01,17.94,60.8,82,0,11.41,clear sky
313,Aklavik,CA,68.22,-135.01,23.0,57,75,10.29,broken clouds
314,Kaduy,RU,59.2,37.15,30.2,100,75,4.47,broken clouds
315,Tual,ID,-5.67,132.75,80.73,78,96,15.46,overcast clouds
316,Shizunai,JP,42.33,142.37,52.11,74,78,5.3,broken clouds
317,Saint-Francois,FR,46.42,3.91,46.4,93,75,3.36,broken clouds
318,Morro Da Fumaca,BR,-28.65,-49.21,62.35,86,0,6.8,clear sky
319,Muroto,JP,33.28,134.15,60.8,77,75,10.29,light rain
320,Okhotsk,RU,59.38,143.3,24.62,84,1,11.68,clear sky
321,Russkaya Polyana,UA,49.42,31.92,54.21,83,68,6.96,broken clouds
322,Esna,EG,25.29,32.55,82.4,37,0,3.36,clear sky
323,Fiumicino,IT,41.77,12.23,55.4,93,40,5.82,scattered clouds
324,Nosy Varika,MG,-20.58,48.53,71.02,91,22,3.56,light rain
325,Padilla,CO,3.22,-76.31,86.0,58,75,12.75,broken clouds
326,Vila Do Maio,CV,15.13,-23.22,78.8,88,100,4.7,overcast clouds
327,Kushima,JP,31.46,131.23,60.8,93,75,10.29,mist
328,Zambezi,ZM,-13.54,23.1,72.97,41,0,6.35,clear sky
329,Vengerovo,RU,55.68,76.75,47.01,64,90,13.31,overcast clouds
330,Ardesen,TR,41.19,40.99,62.6,82,0,12.75,clear sky
331,Berezovyy,RU,51.67,135.7,34.02,82,98,6.96,overcast clouds
332,Salaga,GH,8.55,-0.52,77.54,88,100,4.7,overcast clouds
333,Sitka,US,57.05,-135.33,49.32,64,74,4.7,light rain
334,Cootamundra,AU,-34.65,148.03,57.99,83,100,3.0,overcast clouds
335,Naryan-Mar,RU,67.67,53.09,30.92,99,98,6.51,overcast clouds
336,Valenca Do Piaui,BR,-6.41,-41.75,87.84,26,84,2.68,broken clouds
337,Bermejo,AR,-32.88,-68.8,86.0,25,40,5.82,scattered clouds
338,Mount Isa,AU,-20.73,139.5,78.8,26,0,5.82,clear sky
339,Volot,RU,57.93,30.7,38.37,77,99,2.68,overcast clouds
340,Bratsk,RU,56.13,101.61,24.8,79,100,6.71,overcast clouds
341,Nizhnyaya Salda,RU,58.08,60.72,37.74,79,68,3.15,broken clouds
342,Lasa,IT,46.62,10.7,42.01,100,75,5.82,broken clouds
343,Luanda,AO,-8.84,13.23,77.0,83,75,10.29,broken clouds
344,Atar,MR,20.52,-13.05,90.1,23,0,8.88,clear sky
345,Avera,US,33.19,-82.53,75.2,57,1,11.41,clear sky
346,Yar-Sale,RU,66.83,70.83,30.7,98,100,24.45,overcast clouds
347,Pak Phanang,TH,8.35,100.2,78.73,83,100,11.72,overcast clouds
348,Julio De Castilhos,BR,-29.23,-53.68,65.14,67,0,9.19,clear sky
349,Papetoai,PF,-17.5,-149.87,75.2,88,90,9.17,light rain
350,Hasaki,JP,35.73,140.83,54.0,93,75,14.99,light rain
351,High Level,CA,58.52,-117.14,19.4,73,90,8.05,light snow
352,Merauke,ID,-8.47,140.33,78.53,71,88,13.91,overcast clouds
353,Visnes,NO,59.36,5.22,51.01,93,40,8.05,scattered clouds
354,Myitkyina,MM,25.38,97.4,73.44,87,79,1.7,broken clouds
355,Beringovskiy,RU,63.05,179.32,39.99,85,22,8.14,few clouds
356,Imeni Poliny Osipenko,RU,52.42,136.49,33.6,85,95,9.51,overcast clouds
357,Waynesville,US,35.49,-82.99,52.0,78,26,5.39,scattered clouds
358,Karratha,AU,-20.74,116.85,64.45,72,0,10.98,clear sky
359,Geraldton,AU,-28.77,114.6,57.2,76,46,8.05,scattered clouds
360,Amahai,ID,-3.33,128.92,82.0,94,93,1.01,overcast clouds
361,Marystown,CA,47.17,-55.15,53.01,100,35,3.62,scattered clouds
362,Abu Dhabi,AE,24.47,54.37,80.6,65,0,2.24,clear sky
363,Evensk,RU,61.95,159.23,35.55,77,0,11.34,clear sky
364,Sarakhs,IR,36.54,61.16,50.0,43,0,2.24,clear sky
365,Araouane,ML,18.9,-3.53,94.17,12,0,8.39,clear sky
366,Mandiana,GN,10.63,-8.68,76.89,76,74,4.27,broken clouds
367,Sotouboua,TG,8.57,0.98,74.21,89,63,2.26,broken clouds
368,Todi,IT,42.78,12.4,48.99,57,25,3.71,scattered clouds
369,Takoradi,GH,4.88,-1.76,76.33,89,69,8.39,broken clouds
370,Nanlong,CN,31.35,106.06,56.48,90,100,1.54,light rain
371,Chabahar,IR,25.29,60.64,77.77,26,0,13.49,clear sky
372,Koundara,GN,12.48,-13.3,80.62,73,88,2.91,overcast clouds
373,Diamantino,BR,-14.41,-56.45,83.39,52,87,5.03,light rain
374,Nova Olimpia,BR,-14.8,-57.29,86.0,49,63,1.45,broken clouds
375,Weatherford,US,32.76,-97.8,71.01,27,0,1.99,clear sky
376,Mookane,BW,-23.69,26.66,79.38,29,0,14.5,clear sky
377,Pacifica,US,37.61,-122.49,89.6,25,1,5.3,clear sky
378,Lavrentiya,RU,65.58,-171.0,39.65,93,100,27.22,light rain
379,Ada,US,43.42,-116.13,66.99,22,1,5.82,clear sky
380,Paamiut,GL,61.99,-49.67,41.94,75,89,35.34,overcast clouds
381,Sept-Iles,CA,50.2,-66.38,46.0,100,90,8.05,moderate rain
382,Hamilton,US,39.18,-84.53,57.2,24,1,6.93,clear sky
383,Dali,CN,25.7,100.18,55.33,88,95,3.51,overcast clouds
384,Vanimo,PG,-2.67,141.3,78.15,83,100,6.51,moderate rain
385,Taixing,CN,32.17,120.01,55.99,89,0,4.12,clear sky
386,Gloversville,US,43.05,-74.34,46.0,94,100,3.0,overcast clouds
387,Naze,JP,28.37,129.48,73.4,88,75,4.7,broken clouds
388,Saskylakh,RU,71.92,114.08,3.25,93,85,3.38,overcast clouds
389,Trinidad,BO,-14.83,-64.9,82.4,65,20,4.7,few clouds
390,Mastic Beach,US,40.77,-72.85,55.4,87,90,11.41,overcast clouds
391,College,US,64.86,-147.8,19.99,62,20,5.82,few clouds
392,Saint-Augustin,CA,51.23,-58.65,48.13,89,69,7.23,broken clouds
393,Kloulklubed,PW,7.04,134.26,77.0,94,75,1.92,broken clouds
394,Mahon,ES,39.89,4.27,55.4,71,20,6.93,few clouds
395,Sao Jose Da Coroa Grande,BR,-8.9,-35.15,76.03,84,53,9.37,broken clouds
396,Edd,ER,13.93,41.69,83.71,71,0,2.59,clear sky
397,Zakamensk,RU,50.37,103.29,28.49,95,48,1.1,scattered clouds
398,Kapuskasing,CA,49.42,-82.43,41.0,65,75,18.34,shower rain
399,Tigre,AR,-34.43,-58.58,73.0,73,0,10.29,clear sky
400,Bitung,ID,1.45,125.18,75.2,94,75,2.24,moderate rain
401,Berlevag,NO,70.86,29.09,32.0,81,75,5.82,broken clouds
402,Ilulissat,GL,69.22,-51.1,46.4,61,75,13.87,broken clouds
403,Khani,GE,41.96,42.96,57.2,93,0,3.36,clear sky
404,Bathsheba,BB,13.22,-59.52,84.2,66,20,14.99,shower rain
405,Puerto Del Rosario,ES,28.5,-13.86,71.6,68,40,13.87,scattered clouds
406,Amapa,BR,1.0,-52.0,86.02,43,93,4.56,overcast clouds
407,Bilma,NE,18.69,12.92,85.32,17,0,5.32,clear sky
408,Seydisehir,TR,37.42,31.85,55.65,52,54,0.67,broken clouds
409,Pangnirtung,CA,66.15,-65.71,37.4,93,90,5.82,light rain
410,Mitu,CO,1.2,-70.17,77.29,94,92,2.64,moderate rain
411,Taos,US,36.41,-105.57,66.0,16,1,8.05,clear sky
412,San Jose,US,37.34,-121.89,93.99,13,90,5.53,smoke
413,Asyut,EG,27.18,31.18,75.2,60,0,13.87,clear sky
414,Ulladulla,AU,-35.35,150.47,61.0,87,90,1.12,light rain
415,Apollonia,GR,36.97,24.72,75.2,73,100,12.75,overcast clouds
416,Chicama,PE,-7.84,-79.15,69.39,65,7,7.45,clear sky
417,Atbasar,KZ,51.8,68.33,50.68,47,100,11.79,overcast clouds
418,Amalapuram,IN,16.58,82.02,76.39,95,2,3.47,light rain
419,Porto Velho,BR,-8.76,-63.9,84.2,79,40,3.36,scattered clouds
420,Moyale,KE,3.52,39.06,70.47,71,56,3.62,broken clouds
421,Manacor,ES,39.57,3.21,52.0,87,20,2.24,few clouds
422,Pine Bluff,US,34.23,-92.0,64.4,22,1,8.05,clear sky
423,Tomatlan,MX,19.93,-105.25,88.0,67,51,7.83,broken clouds
424,Riyadh,SA,24.69,46.72,71.6,33,0,2.24,clear sky
425,Hoopstad,ZA,-27.83,25.91,68.02,23,1,4.14,clear sky
426,Voyvozh,RU,62.89,54.96,30.31,98,100,8.66,overcast clouds
427,Sumbawanga,TZ,-7.97,31.62,66.2,77,14,11.41,few clouds
428,Yucca Valley,US,34.11,-116.43,84.99,9,0,7.0,clear sky
429,Pasighat,IN,28.07,95.33,74.39,72,0,2.44,clear sky
430,Belyy Yar,RU,53.6,91.39,32.0,83,92,4.47,overcast clouds
431,Tautira,PF,-17.73,-149.15,75.2,88,90,9.17,light rain
432,Zarichne,UA,51.81,26.13,44.55,89,71,5.95,broken clouds
433,Galesong,ID,-5.32,119.37,75.2,88,20,3.36,few clouds
434,Olafsvik,IS,64.89,-23.71,46.45,84,100,4.45,overcast clouds
435,Hay River,CA,60.82,-115.8,26.6,68,90,25.28,light snow
436,Uray,RU,60.12,64.78,32.67,90,4,10.89,clear sky
437,Klyuchi,RU,52.27,79.17,46.94,54,95,10.47,overcast clouds
438,Baghdad,IQ,33.34,44.4,71.6,33,0,6.93,clear sky
439,Russell,US,32.35,-85.2,71.6,49,1,8.05,clear sky
440,Udachnyy,RU,66.42,112.4,2.01,92,0,3.49,clear sky
441,Seminole,US,28.71,-81.21,88.0,45,1,9.17,clear sky
442,Baruun-Urt,MN,46.68,113.28,33.82,84,95,2.62,overcast clouds
443,Ust-Ilimsk,RU,58.0,102.66,25.88,96,100,7.27,overcast clouds
444,Perevolotskiy,RU,51.88,54.19,53.17,79,85,11.83,overcast clouds
445,Mpophomeni,ZA,-29.57,30.19,62.01,94,50,2.75,scattered clouds
446,Oklahoma City,US,35.47,-97.52,69.01,20,75,6.93,broken clouds
447,Tura,IN,25.52,90.22,72.9,93,0,3.56,clear sky
448,Tabuk,PH,17.42,121.44,74.25,90,97,3.09,overcast clouds
449,Batagay-Alyta,RU,67.8,130.41,12.27,86,100,1.7,overcast clouds
450,Methoni,GR,36.82,21.7,75.99,88,40,5.82,scattered clouds
451,Veraval,IN,20.9,70.37,82.33,82,100,11.52,overcast clouds
452,Tabou,CI,4.42,-7.35,77.0,88,96,6.64,overcast clouds
453,Makaha,US,21.47,-158.22,84.2,65,75,5.82,broken clouds
454,Dzaoudzi,YT,-12.79,45.27,78.8,83,0,12.75,clear sky
455,Diego De Almagro,CL,-26.37,-70.05,77.7,17,0,6.6,clear sky
456,Moose Factory,CA,51.26,-80.61,41.0,52,20,9.17,few clouds
457,Price,US,39.6,-110.81,64.4,15,1,5.82,clear sky
458,Lumby,CA,50.25,-118.97,48.99,95,100,1.79,overcast clouds
459,Seoul,KR,37.57,126.98,46.4,100,1,1.95,mist
460,Pevek,RU,69.7,170.31,35.92,85,49,12.8,scattered clouds
461,Sao Joao Da Barra,BR,-21.64,-41.05,73.4,73,90,14.99,overcast clouds
462,Lafiagi,NG,8.87,5.42,78.96,78,15,4.32,few clouds
463,Yumen,CN,40.28,97.2,41.97,50,33,12.68,scattered clouds
464,Inhambane,MZ,-23.86,35.38,69.51,84,2,9.1,clear sky
465,Bosobolo,CD,4.18,19.9,71.64,94,99,0.96,overcast clouds
466,Sturgeon Bay,US,44.83,-87.38,48.2,45,75,18.34,broken clouds
467,Khandyga,RU,62.67,135.6,11.82,92,11,2.68,few clouds
468,Hidalgotitlan,MX,17.78,-94.63,86.0,70,75,13.87,broken clouds
469,Oksfjord,NO,70.24,22.35,33.8,90,90,8.05,light rain
470,Gat,IL,31.61,34.76,73.99,69,75,3.36,broken clouds
471,Ahmadpur East,PK,29.14,71.26,71.58,21,0,0.16,clear sky
472,Atascadero,US,35.49,-120.67,96.01,25,62,5.99,broken clouds
473,Luau,AO,-10.71,22.22,68.74,84,23,1.77,light rain
474,Chimbote,PE,-9.09,-78.58,65.41,78,9,7.63,clear sky
475,Daoukro,CI,7.06,-3.96,72.55,97,92,3.13,overcast clouds
476,Erenhot,CN,43.65,111.98,41.0,55,0,10.31,clear sky
477,Oleksandrivka,UA,48.96,32.23,58.51,90,91,3.47,overcast clouds
478,Muana,BR,-1.53,-49.22,82.47,68,88,8.19,light rain
479,Konevo,RU,62.12,39.32,33.76,92,89,6.89,overcast clouds
480,Nantucket,US,41.28,-70.1,68.0,77,1,13.87,clear sky
481,Praia,CV,14.92,-23.51,78.8,88,91,4.7,overcast clouds
482,Deoranian,IN,28.63,79.48,69.22,43,1,4.07,clear sky
483,Irbeyskoye,RU,55.64,95.45,33.75,89,100,5.84,overcast clouds
484,Lashio,MM,22.93,97.75,63.86,99,99,1.92,overcast clouds
485,Talnakh,RU,69.49,88.4,12.2,85,78,6.71,broken clouds
486,Labuhan,ID,-6.88,112.21,77.86,77,100,11.56,overcast clouds
487,Nueva Loja,EC,0.08,-76.88,75.2,100,75,2.24,moderate rain
488,Pochutla,MX,15.74,-96.47,87.8,66,40,11.41,scattered clouds
489,Davila,PH,18.47,120.58,75.2,94,20,3.36,few clouds
490,Ambilobe,MG,-13.2,49.05,71.24,73,30,3.09,scattered clouds
491,Samana,DO,19.21,-69.34,86.0,79,40,4.7,scattered clouds
492,Roald,NO,62.58,6.13,44.6,100,75,4.7,light intensity drizzle
493,Camana,PE,-16.62,-72.71,65.91,73,61,5.59,broken clouds
494,Marzuq,YE,14.4,46.47,66.72,26,0,1.43,clear sky
495,Pravda,RU,46.94,142.01,26.6,92,0,11.18,clear sky
496,Goderich,CA,43.75,-81.72,51.01,68,48,17.34,scattered clouds
497,Rastolita,RO,46.97,24.99,55.0,86,99,1.01,overcast clouds
498,Baependi,BR,-21.96,-44.89,63.07,87,100,4.54,moderate rain
499,Ahuimanu,US,21.44,-157.84,84.2,66,20,5.79,few clouds
500,Storforshei,NO,66.4,14.52,45.0,87,75,8.05,broken clouds
501,Turuvekere,IN,13.16,76.67,64.15,92,23,5.91,few clouds
502,Flinders,AU,-34.58,150.86,63.0,83,100,4.0,light rain
503,Pangai,TO,-19.8,-174.35,73.4,94,90,12.75,light intensity shower rain
504,Cairns,AU,-16.92,145.77,75.99,60,3,9.17,clear sky
505,Teknaf,BD,20.86,92.31,80.47,86,98,5.28,overcast clouds
506,Klaksvik,FO,62.23,-6.59,42.8,93,99,13.87,overcast clouds
507,Matara,LK,5.95,80.54,77.16,88,43,10.45,scattered clouds
508,Bayonet Point,US,28.33,-82.68,84.0,66,77,9.78,broken clouds
509,Vao,NC,-22.67,167.48,69.3,76,2,19.22,clear sky
510,Abu Kamal,SY,34.45,40.92,68.32,33,0,5.68,clear sky
511,Tenenkou,ML,14.46,-4.92,89.64,28,96,2.73,overcast clouds
512,Radovljica,SI,46.34,14.17,44.6,100,75,1.01,broken clouds
513,Kavaratti,IN,10.57,72.64,81.19,78,15,13.69,light rain
514,Naifaru,MV,5.44,73.37,82.0,73,11,16.37,few clouds
515,Yulara,AU,-25.24,130.99,75.2,33,0,10.29,clear sky
516,Laguna,US,38.42,-121.42,95.0,11,1,10.29,clear sky
517,Aligudarz,IR,33.4,49.69,45.5,41,0,3.13,clear sky
518,Tonj,SS,7.27,28.68,72.81,92,100,1.92,light rain
519,Umba,RU,66.69,34.34,33.89,88,100,3.62,overcast clouds
520,Coari,BR,-4.08,-63.14,82.49,69,100,2.08,overcast clouds
521,Chirongui,YT,-12.93,45.15,78.8,83,0,12.75,clear sky
522,Lagos,NG,6.58,3.75,77.41,89,83,4.92,broken clouds
523,Ipanema,BR,-30.14,-51.22,71.6,60,2,24.16,clear sky
524,Novyy Urengoy,RU,66.08,76.63,30.87,99,99,16.26,overcast clouds
525,Whitefish,US,48.41,-114.34,44.6,81,90,5.41,overcast clouds
526,Mareeba,AU,-17.0,145.43,75.99,60,8,9.17,clear sky
527,Kurilsk,RU,45.23,147.88,50.29,77,77,12.82,light rain
528,Kiskore,HU,47.5,20.5,46.99,93,20,4.7,few clouds
529,Bengkulu,ID,-3.8,102.27,74.73,88,57,3.67,broken clouds
530,Cuamba,MZ,-14.8,36.54,72.95,63,10,5.5,clear sky
531,Kyra,RU,49.58,111.98,29.37,90,96,4.38,overcast clouds
532,Ilhabela,BR,-23.78,-45.36,67.42,78,90,5.57,overcast clouds
533,Sao Gabriel Da Cachoeira,BR,-0.13,-67.09,84.16,69,78,1.97,heavy intensity rain
534,Vryburg,ZA,-26.96,24.73,69.66,23,0,5.44,clear sky
535,Kudahuvadhoo,MV,2.67,72.89,82.15,78,72,19.26,light rain
536,Neka,IR,36.65,53.3,58.69,72,0,3.44,clear sky
537,Cockburn Town,TC,21.46,-71.14,83.84,79,3,18.86,light rain
538,Bereda,ES,43.27,-7.54,50.0,100,100,1.99,overcast clouds
539,Mayo,US,38.89,-76.51,57.2,82,1,4.7,clear sky
540,Gainesville,US,29.65,-82.32,84.2,54,1,3.36,clear sky
541,Vologda,RU,59.22,39.89,32.47,95,38,8.86,scattered clouds
542,Tateyama,JP,34.98,139.87,55.4,87,75,12.75,light rain
543,San Blas,MX,21.52,-105.27,89.6,29,5,8.05,clear sky
544,Lahat,ID,-3.8,103.53,73.09,89,88,2.13,light rain
545,Kuito,AO,-12.38,16.93,62.47,82,99,0.36,overcast clouds
546,Karwar,IN,14.8,74.13,77.76,87,23,8.28,few clouds
547,Constantine,DZ,36.37,6.61,48.2,81,0,2.24,clear sky
548,Tutoia,BR,-2.76,-42.27,80.33,79,77,11.5,broken clouds
549,Atambua,ID,-9.11,124.89,74.64,60,5,2.39,clear sky
550,Oudtshoorn,ZA,-33.59,22.2,57.2,100,1,5.82,clear sky
551,Lingao,CN,19.91,109.69,76.75,84,100,24.29,light rain
552,Moranbah,AU,-22.0,148.05,68.65,63,0,11.05,clear sky
553,Kushiro,JP,42.98,144.37,47.43,75,98,4.09,overcast clouds
554,Naspur,IN,18.83,79.45,77.58,83,100,2.57,moderate rain
555,Gushikawa,JP,26.35,127.87,73.4,88,75,3.36,mist
556,Kerema,PG,-7.96,145.78,77.79,86,100,1.52,light rain
557,Porbandar,IN,21.64,69.61,84.43,69,100,8.77,light rain
558,Marienburg,PL,54.04,19.03,44.01,100,75,5.03,broken clouds
559,Clifton,US,40.86,-74.16,53.01,87,90,3.36,overcast clouds
560,Port Pirie,AU,-33.18,138.02,55.4,100,90,13.87,overcast clouds
561,Ashcroft,CA,50.72,-121.29,62.6,81,75,9.17,broken clouds
562,Fuling,CN,29.7,107.39,58.1,91,100,0.92,light rain
563,Jaisinghnagar,IN,23.7,81.38,73.54,89,3,3.33,clear sky
564,Yekaterinovka,RU,52.05,44.35,49.15,82,95,12.06,overcast clouds
565,Vicuna,CL,-30.03,-70.71,77.0,18,0,4.0,clear sky
566,Taitung,TW,22.76,121.14,76.41,79,84,14.18,broken clouds
567,Tiangua,BR,-3.73,-40.99,72.28,76,77,8.9,broken clouds
568,Senanga,ZM,-16.12,23.27,74.7,29,0,6.91,clear sky
569,Kandrian,PG,-6.22,149.55,79.95,84,97,2.66,light rain
570,Lekoni,GA,-1.58,14.26,73.71,86,98,7.11,moderate rain
571,Kosh-Agach,RU,50.0,88.67,23.72,92,0,1.28,clear sky
572,Kharan,PK,28.58,65.42,59.83,27,0,9.22,clear sky
573,Nelson Bay,AU,-32.72,152.15,73.0,77,40,12.75,scattered clouds
574,Baie-Comeau,CA,49.22,-68.15,44.6,100,90,2.24,light rain
575,Rundu,NA,-17.93,19.77,74.3,20,4,8.86,clear sky
576,Belmonte,BR,-15.86,-38.88,75.2,88,75,4.7,broken clouds
577,Moron,AR,-34.65,-58.62,73.0,66,0,4.0,clear sky
578,Rambha,IN,19.52,85.1,79.3,84,56,1.83,broken clouds
579,Hvolsvollur,IS,63.75,-20.22,42.01,92,0,7.0,clear sky
580,Grand-Lahou,CI,5.14,-5.02,76.33,91,70,7.92,broken clouds
581,Champerico,GT,14.3,-91.92,87.8,66,40,4.7,scattered clouds
582,Herat,AF,34.5,62.0,41.54,61,0,7.09,clear sky
583,Sistranda,NO,63.73,8.83,46.0,93,99,13.0,overcast clouds
584,Elliot Lake,CA,46.38,-82.63,42.8,75,1,10.29,clear sky
585,Touros,BR,-5.2,-35.46,78.8,74,75,11.41,broken clouds
586,Stephenville,US,32.22,-98.2,71.6,21,1,6.93,clear sky
587,Port Macquarie,AU,-31.43,152.92,72.0,72,35,1.01,scattered clouds
588,Athabasca,CA,54.72,-113.29,31.21,64,100,13.67,overcast clouds
589,Bilibino,RU,68.05,166.44,27.32,97,99,1.21,overcast clouds
590,Miri,MY,4.41,114.01,77.0,94,40,4.7,scattered clouds
591,Lockhart,US,28.62,-81.44,89.01,45,40,4.7,scattered clouds
592,Kumasi,GH,6.69,-1.62,72.79,97,100,3.89,overcast clouds
593,Brae,GB,60.4,-1.35,44.6,93,100,9.17,overcast clouds
594,Kautokeino,NO,69.01,23.04,32.54,96,100,5.06,overcast clouds
595,Cozumel,MX,20.51,-86.95,84.2,79,75,10.29,broken clouds
596,Cocobeach,GA,1.0,9.58,80.6,83,40,8.05,scattered clouds
597,Makakilo City,US,21.35,-158.09,84.2,70,40,9.17,scattered clouds
598,Kununurra,AU,-15.77,128.73,77.0,94,0,5.82,clear sky
599,Rawson,AR,-43.3,-65.1,71.55,39,2,6.53,clear sky
600,Huoqiu,CN,32.34,116.27,52.3,78,1,5.61,clear sky
601,Cidreira,BR,-30.18,-50.21,64.38,80,11,18.7,few clouds
602,Vallenar,CL,-28.57,-70.76,77.54,24,0,5.97,clear sky
603,Sirnak,TR,37.52,42.46,52.65,43,0,3.69,clear sky
604,Awbari,LY,26.59,12.78,83.05,15,63,14.09,broken clouds
605,Mizdah,LY,31.45,12.98,64.85,70,97,13.87,overcast clouds
606,Iquitos,PE,-3.75,-73.25,87.8,58,20,4.7,few clouds
607,Sangar,RU,63.92,127.47,18.46,97,100,5.66,light snow
608,Dondo,MZ,-19.61,34.74,73.4,78,0,11.41,clear sky
609,Bambanglipuro,ID,-7.95,110.28,78.01,80,100,5.28,overcast clouds
610,Mehamn,NO,71.04,27.85,30.2,92,40,6.93,scattered clouds
611,Tazovskiy,RU,67.47,78.7,29.08,98,100,19.01,overcast clouds
612,Sambava,MG,-14.27,50.17,70.88,86,2,8.72,clear sky
613,Dalnerechensk,RU,45.93,133.72,34.61,88,0,7.83,clear sky
614,Tupelo,US,34.26,-88.7,64.4,31,1,16.11,clear sky
615,Dalbandin,PK,28.89,64.41,54.46,33,0,5.88,clear sky
616,Olga,RU,43.74,135.29,37.78,81,0,5.03,clear sky
617,Ponta Delgada,PT,37.73,-25.67,64.4,88,40,12.75,scattered clouds
618,Ponazyrevo,RU,58.36,46.31,33.4,93,72,6.26,broken clouds
619,Mociu,RO,46.8,24.03,54.0,93,75,3.36,broken clouds
620,Eyl,SO,7.98,49.82,79.95,80,37,14.52,scattered clouds
621,Arlit,NE,18.74,7.39,93.42,11,0,8.14,clear sky
622,Qiongshan,CN,20.01,110.35,75.2,100,75,17.9,broken clouds
623,Port-Cartier,CA,50.03,-66.87,46.0,100,90,8.05,mist
624,Ambon,ID,-3.7,128.18,77.0,94,40,3.36,scattered clouds
625,Xinmin,CN,41.99,122.83,44.6,56,0,6.71,clear sky
626,Warrnambool,AU,-38.38,142.48,55.0,96,100,3.0,overcast clouds
627,Nazarovo,RU,56.01,90.39,37.18,86,99,11.68,overcast clouds
628,Lichinga,MZ,-13.31,35.24,65.59,78,28,3.94,scattered clouds
629,Sheridan,US,44.83,-106.92,55.0,34,90,6.93,overcast clouds
630,Sur,OM,22.57,59.53,78.15,47,0,10.49,clear sky
631,Ornskoldsvik,SE,63.29,18.72,37.4,93,11,6.93,few clouds
632,Gravdal,NO,68.12,13.5,46.4,81,75,20.8,shower rain
633,Yangshe,CN,31.89,120.61,55.99,99,0,6.31,clear sky
634,Nalut,LY,30.33,10.85,73.35,47,76,17.34,broken clouds
635,Acala,MX,16.57,-92.8,87.8,55,40,5.82,scattered clouds
636,Callaguip,PH,18.07,120.49,75.2,94,20,3.36,few clouds
637,Srednekolymsk,RU,67.45,153.68,25.45,98,90,11.88,light snow
638,Wynyard,AU,-41.0,145.72,46.0,87,100,8.99,light rain
639,Hervey Bay,AU,-25.3,152.85,66.2,77,40,6.93,scattered clouds
640,Xai-Xai,MZ,-25.05,33.64,70.29,84,37,3.33,scattered clouds
641,Olinda,BR,-8.01,-34.86,80.6,74,75,6.93,broken clouds
642,Graaff-Reinet,ZA,-32.25,24.53,66.54,51,0,1.52,clear sky
643,Nishihara,JP,26.18,127.76,78.8,94,75,3.36,broken clouds
644,Aksarka,RU,66.56,67.8,30.2,99,100,23.73,overcast clouds
645,Argayash,RU,55.49,60.88,55.4,54,20,13.42,few clouds
646,Tingo Maria,PE,-9.29,-76.01,73.4,49,90,14.99,overcast clouds
647,Arman,RU,59.7,150.17,29.88,84,18,4.76,few clouds
648,Whitianga,NZ,-36.83,175.7,57.74,44,0,5.23,clear sky
649,Kenai,US,60.55,-151.26,37.99,59,1,11.41,clear sky
650,Axim,GH,4.87,-2.24,76.5,88,87,7.63,overcast clouds
651,Port Lincoln,AU,-34.73,135.87,54.07,71,100,14.72,overcast clouds
652,Nesna,NO,66.2,13.02,45.0,87,75,8.05,broken clouds
653,Kieta,PG,-6.22,155.63,84.02,64,74,2.42,broken clouds
654,Vodnyy,RU,63.5,53.41,31.8,95,100,7.85,overcast clouds
655,Votkinsk,RU,57.05,53.99,36.0,93,100,1.99,moderate rain
656,Ziyang,CN,29.25,117.85,58.28,92,100,3.13,overcast clouds
657,Cayenne,GF,4.93,-52.33,82.4,65,0,5.82,clear sky
658,Mingguang,CN,32.78,117.96,53.37,92,24,4.07,few clouds
659,Bubaque,GW,11.28,-15.83,82.9,84,100,10.85,overcast clouds
660,Buraydah,SA,26.33,43.98,73.4,25,0,1.12,clear sky
661,Mumford,GH,5.26,-0.76,77.52,87,90,11.81,overcast clouds
662,Dogbo,BJ,6.82,1.78,74.61,95,93,3.94,overcast clouds
663,Honiara,SB,-9.43,159.95,82.4,78,20,4.59,few clouds
664,Whyalla,AU,-33.03,137.58,55.4,100,90,13.87,overcast clouds
665,Imbituba,BR,-28.24,-48.67,68.0,77,4,13.87,clear sky
666,Council Bluffs,US,41.26,-95.86,59.0,28,75,11.43,broken clouds
667,Fukue,JP,32.69,128.84,65.82,67,100,19.08,overcast clouds
668,Ituporanga,BR,-27.41,-49.6,69.01,73,1,3.0,clear sky
669,Nortelandia,BR,-14.45,-56.8,87.46,44,81,6.2,light rain
670,Deputatskiy,RU,69.3,139.9,13.06,97,100,9.33,light snow
671,Havoysund,NO,71.0,24.66,32.0,84,40,13.87,scattered clouds
672,Winnemucca,US,40.97,-117.74,69.8,13,1,3.36,clear sky
673,Manutuke,NZ,-38.68,177.92,55.0,56,0,8.99,clear sky
674,Abnub,EG,27.27,31.15,75.2,60,0,13.87,clear sky
675,Taoudenni,ML,22.68,-3.98,87.96,16,0,7.94,clear sky
676,Adiake,CI,5.29,-3.3,80.6,83,20,11.41,few clouds
677,Fare,PF,-16.7,-151.02,78.76,81,84,13.98,light rain
678,Baglung,NP,28.27,83.59,64.26,70,2,3.96,clear sky
679,Wah,PK,33.8,72.7,66.0,63,0,4.7,haze
680,Jiutai,CN,44.15,125.83,42.8,48,0,13.42,clear sky
681,Pozega,HR,45.34,17.69,48.99,93,75,2.24,light rain
682,Hami,CN,42.8,93.45,43.0,51,3,6.33,clear sky
683,Boyolangu,ID,-8.12,111.89,73.87,88,100,4.03,moderate rain
684,Malanje,AO,-9.54,16.34,68.11,81,64,1.12,broken clouds
685,Mairi,BR,-11.71,-40.15,79.29,40,0,10.2,clear sky
686,Kodinsk,RU,58.69,99.18,26.19,96,100,5.14,overcast clouds
687,Kara,TG,9.55,1.19,75.2,100,20,3.6,few clouds
688,Viedma,AR,-40.81,-63.0,84.0,31,0,5.99,clear sky
689,Corsicana,US,32.1,-96.47,71.6,28,1,10.29,clear sky
690,Le Robert,MQ,14.68,-60.94,84.2,79,81,9.17,broken clouds
691,Roma,US,43.21,-75.46,48.2,66,75,5.82,broken clouds
692,Bossier City,US,32.52,-93.73,71.6,30,1,9.17,clear sky
693,Tianpeng,CN,30.99,103.94,59.0,87,40,2.08,scattered clouds
694,Siemiatycze,PL,52.43,22.86,44.01,89,98,3.0,overcast clouds
695,Bogovarovo,RU,58.98,47.02,32.5,96,92,5.97,overcast clouds
696,Ampanihy,MG,-24.7,44.75,68.74,74,98,15.99,overcast clouds
697,Krasnoselkup,RU,65.7,82.47,29.32,98,100,15.84,overcast clouds
698,Isangel,VU,-19.55,169.27,77.0,83,20,9.17,few clouds
699,Quelimane,MZ,-17.88,36.89,75.2,78,40,3.36,scattered clouds
700,Kholmogory,RU,64.22,41.66,33.8,86,40,6.71,scattered clouds
701,Korgen,NO,66.08,13.82,45.0,87,75,8.05,broken clouds
